title,,is_phone,company,model,storage,name
Apple iPhone 6+ 16 gb (Global/Sprint/A1524),,1,apple,iphone 6 plus,16gb,Vivek
"Wheel Alignment $50, Used Tires $35, Brakes from $89 !!",,0,,,,Vivek
Red (Product) iPhone 8 Plus,,1,apple,iphone 8 plus,,Vivek
Bose Blue tooth headset,,0,,,,Vivek
"iPhone 6S, 64 GB, T Mobile, Like New!",,1,apple,iphone 6s,64gb,Vivek
Pixel 2 XL 128gb unlocked,,1,google,pixel 2 xl,128gb,Vivek
Unlocked Apple iPhone 8 Plus 256GB SILVER - with warranty to Feb. 2019,,1,apple,iphone 8 plus,256gb,Vivek
Apple iPhone 8 Plus 256GB SILVER - Full WARRANTY to Feb 2019,,1,apple,iphone 8 plus,256gb,Vivek
IB*u*y Used iPhones,,0,,,,Vivek
iPhone 4s 16gb. Mint.,,1,apple,iphone 4s,16gb,Vivek
T-Mobile iPhone X space grey 64g,,1,apple,iphone x,64gb,Vivek
HTC Inspire phones,,1,htc,inspire,,Vivek
OBO Samsung Galaxy S8+ PLUS BLACK Tmobile New OBO**,,1,samsung,galaxy s8 plus,,Vivek
CELL PHONE LOT OF 63 PHONES AND ACCESSORIES,,0,,,,Vivek
Samsung Galaxy Note 8 and all the accessories you will ever need,,1,samsung,galaxy note 8,,Vivek
Pixel 2XL,,1,google,pixel 2 xl,,Vivek
New and unopened Galaxy Note 9,,1,samsung,galaxy note 9,,Vivek
Apple Watch series 1,,0,,,,Vivek
Plantronics M70 BLUETOOTH,,0,,,,Vivek
Apple iPhone 5 32g Black & Slate AT&T,,1,apple,iphone 5,32gb,Vivek
Samsung Note 4 AT&T. Unlocked,,1,samsung,galaxy note 4,,Vivek
S9 Unlock New Andriod China phone,,1,samsung,galaxy s9,,Vivek
ATT ZTE MAYVEN $10 (CRACK SCREE )@@@@@@~~~@@@@@@@@@@@@@@@@@@@@@@@@@@@@,,1,zte,maven,,Vivek
iPhone 6 lime green case cover,,0,,,,Vivek
ATT ZTE MAYVEN $20 @@@@@@@@@@@@@@@@@@@@@@@@@@@@@@@@@@@@@@@@@@@@,,1,zte,maven,,Vivek
CHEAP ATT EXCELLENT CONDITION PHONE,,0,,,,Vivek
Att ZTE MAYVEN Z812 & IPHONE 6@@@@@@@@@@@@@@@@@@@@@@@@@,,0,,,,Vivek
IPHONE 6 STUCK ITUNES $50@@@@@@@@@@@@@@@@@@@@@@@@@@@@@@@@@@@@@@@@,,1,apple,iphone 6,,Vivek
Galaxy S6 | Verizon | Mint . 3 FOR SALE,,1,samsung,galaxy s6,,Vivek
"IPhone 6S, ATT, Rose Gold, 16GB",,1,apple,iphone 6s,16gb,Vivek
LG Volt 2 cell phone,,1,lg,volt 2,,Vivek
Apple iPhone 7 Rose Gold,,1,apple,iphone 7,,Vivek
Apple iPhone 7 Silver,,1,apple,iphone 7,,Vivek
Apple iPhone 7 Black,,1,apple,iphone 7,,Vivek
Apple iPhone 7 Gold,,1,apple,iphone 7,,Vivek
iPhone X - AT&T Excellent Condition-6 months Warranty Apple,,1,apple,iphone x,,Vivek
PELICAN PROGEAR VOYAGER iPHONE CASE + Kickstand White/Gray,,0,,,,Vivek
Motorola Boostmobile Cell Phone,,1,motorola,,,Vivek
Iphone xs,,1,apple,iphone xs,,Vivek
Jabra Sp5050 Bt Speakerphone,,0,,,,Vivek
Iphone xs,,1,apple,iphone xs,,Vivek
Lg stylo 4 for boost mobile new con:,,1,lg,stylo 4,,Vivek
Skiva - Protective Case and Extended Battery for iPhone 4 4S,,0,,,,Vivek
"iPhone 7 Plus case, iPhone 8 Plus case, Arae PU Leather Wallet Case wi",,0,,,,Vivek
BRAND NEW - MAGPUL Samsung Galaxy S5 FIELD CASE Black MAG476-BLK ~ New,,0,,,,Vivek
iPhone XR - 64GB - White - Verizon Unlocked - New w/Box and Acc,,1,apple,iphone xr,64gb,Vivek
Unlocked iPhone 7 Plus 256GB Space Gray MINT,,1,apple,iphone 7 plus,256gb,Vivek
iPhone 7 Unlocked GSM,,1,apple,iphone 7,,Vivek
iPhone 7 256gb iCloud locked,,1,apple,iphone 7,256gb,Vivek
"iphone 3gs ,16 gb,GSM ,unlocked",,1,apple,iphone 3gs,16gb,Vivek
LG V30 T-MOBILE,,1,lg,v30,,Vivek
iPhone 6s rose gold 16gb Unlocked,,1,apple,iphone 6s,16gb,Vivek
Apple iPhone 7 Plus 32GB Unlocked -Fully Functional!!!!,,1,apple,iphone 7 plus,32gb,Vivek
iPhone 6s Plus 64GB,,1,apple,iphone 6s,64gb,Vivek
Unlocked Iphone Xs Max,,1,apple,iphone xs max,,Vivek
**** LG K20 Plus *** SMART **** Cell Phone ** T-Mobile ** FREE VR ****,,1,lg,k20 plus,,Vivek
Nokia 6310i Mobile Phone - Silver,,1,nokia,6310i,,Vivek
BlackBerry Curve 8900 Javelin,,1,blackberry,curve 8900 javelin,,Vivek
iPhone 6 + 6s Case Perfect Armor,,0,,,,Vivek
SPECIAL EDITION EMERALD GREEN MINT SAMSUNG GALAXY S6 EDGE GSM UNLOCKED,,1,samsung,galaxy s6,,Vivek
New iPhone 8 Plus 64GB UNLOCKED for any carrier!,,1,apple,iphone 8 plus,64gb,Vivek
New iPhone 8 Plus 64GB UNLOCKED for any carrier!,,1,apple,iphone 8 plus,64gb,Vivek
Apple üçé IPhone 8 Plus 64GB New with new accessories! ! Unlocked ! On App,,1,apple,iphone 8 plus,64gb,Vivek
Apple üçé IPhone 8 Plus 64GB New Condition with new accessories!,,1,apple,iphone 8 plus,64gb,Vivek
Apple üçé IPhone 8 Plus 64GB New Condition with new accessories! Brand New,,1,apple,iphone 8 plus,64gb,Vivek
The new iPad 32Gb Wi-Fi,,0,,,,Vivek
Samsung Frontier S3 Smartwatch,,0,,,,Vivek
NEW UNLOCKED SAMSUNG GALAXY NOTE 8,,1,samsung,galaxy note 8,,Vivek
2 CONSUMER CELLULAR PHONES,,0,,,,Vivek
Note 9 512 GB NEW IN BOX,,1,samsung,galaxy note 9,512gb,Vivek
B*u*ying iphones,,0,,,,Vivek
Sport Armband [With Full Touch Screen Functionality],,0,,,,Vivek
GALAXY S8+ TITANIUM CASE,,0,,,,Vivek
Rugged Galaxy S8+ case,,0,,,,Vivek
Galaxy S6 Edge Plus | T Mobile | Like New!,,1,samsung,galaxy s6,,Vivek
Samsung Galaxy Note 2,,1,samsung,galaxy note 2,,Vivek
Apple iPhone 6 Space Gray - Sprint,,1,apple,iphone 6,,Vivek
Galaxy S8 Case Clear Slim Hybrid Armor Perfect Fit Hard Back Soft Sili,,0,,,,Vivek
Dual SIM Card Adapter 2 SIM Holder Converter Micro for iPhone Galaxy,,0,,,,Vivek
iPhone 7 - 128 GB - UNLOCKED - Like New!,,1,apple,iphone 7,128gb,Vivek
iPhone 7 | UNLOCKED | 32 GB | Mint!,,1,apple,iphone 7,32gb,Vivek
IPhone 5,,1,apple,iphone 5,,Vivek
Unlocked - Iphone 7 plus - 128 GB - Black - Mint Condition,,1,apple,iphone 7 plus,128gb,Vivek
Google Pixel 2 64GB In Box,,1,google,pixel 2,64gb,Vivek
iPhone X's Max,,1,apple,iphone xs max,,Vivek
Apple üì±iPhone 8 64gb for Sprint Network,,1,apple,iphone 8,64gb,Vivek
I B*U*Y PHONES 4 CASH ‚ùóÔ∏è iPhone xs and iPhone xs max ‚úÖ,,0,,,,Vivek
iPhone 7 / 32GB / Matte Black (like new!),,1,apple,iphone 7,32gb,Vivek
Apple Watch 42mm Gold,,0,,,,Vivek
iPhone 6S For Sale - Brand New Battery & Glass Screen Protecter,,1,apple,iphone 6s,,Vivek
iPhone X 256gb Space Gray,,1,apple,iphone x,256gb,Vivek
4 iPhones: 6+,,1,apple,iphone 6 plus,,Vivek
Iphone 5s,,1,apple,iphone 5s,,Vivek
Verizon iPhone 4S 64GB (Factory Unlocked),,1,apple,iphone 4s,64gb,Vivek
Sprint iPhone 5s,,1,apple,iphone 5s,,Vivek
iPhone 7 black 128 GB UNLOCKED looks like new,,1,apple,iphone 7,128gb,Vivek
Apple IPhone 8 Plus 64GB Gold,,1,apple,iphone 8 plus,64gb,Vivek
Tracphone cell phone,,0,,,,Vivek
New Android phone T-Mobile & AT&T,,0,,,,Vivek
Apple Iphone 6Plus Unlocked ATT,,1,apple,iphone 6 plus,,Vivek
iPhone 5 or 5s case,,0,,,,Vivek
iPhone 7 256gb Black ATT Apple,,1,apple,iphone 7,256gb,Vivek
iPhone 5s Gold 16gb ATT Apple,,1,apple,iphone 5s,16gb,Vivek
iPhone 5 6 7 8 X XS instant unlock,,0,,,,Vivek
Lg Stylo 2 Boost Mobile - Good Condition,,1,lg,stylo 2,,Vivek
Samsung GALAXY S7 UNLOCK 32GB BLACK AND GOLD,,1,samsung,galaxy s7,32gb,Vivek
IPhone 6 128 GB Mint,,1,apple,iphone 6,128gb,Vivek
PNY 64GB micro SD card (new),,0,,,,Vivek
iOttie Easy One Touch Mini Car Mount,,0,,,,Vivek
Two Bumper Cases for iPhone 6/6s,,0,,,,Vivek
Pink/Purple Note 9 512GB,,1,samsung,galaxy note 9,512gb,Vivek
Money for your iPhones,,0,,,,Vivek
iPhone 6S 64GB Rose Gold,,1,apple,iphone 6s,64gb,Vivek
iPhone 7 256GB - Unlocked - Like New,,1,apple,iphone 7,256gb,Vivek
"Samsung galaxy note 9 128GB, 256 MicroSD, wireless charger",,1,samsung,galaxy note 9,128gb,Vivek
I-phone 8 And I-phone 8 plus,,1,apple,iphone 8,,Vivek
Samsung Galaxy Note 4 Factory Unlocked,,1,samsung,galaxy note 4,,Vivek
IPhone 6 128 GB Mint,,1,apple,iphone 6,128gb,Vivek
iPhone 6 Plus 64GB AT&T,,1,apple,iphone 6,64gb,Vivek
GET YOUR CRACKED SCREEN REPAIRED !! Cheapest/ Quickest,,0,,,,Vivek
BRAND NEW RoadKing¬Æ RKHD4 - Heavy Duty Dual 4.8A USB Car Charger,,0,,,,Vivek
Audiology Connect Adjustable Universal Cell phone Holder Gooseneck Han,,0,,,,Vivek
SALE! LAPTOPS phones TABLETS $100 OFF DISCOUNT :),,0,,,,Vivek
iPhone 7+ Plus 32GB MATTE BLACK Factory UNLOCKED NEW Cond. W/ Sealed Accessories,,1,apple,iphone 7 plus,32gb,Vivek
iPhone 8 / 7 leather case,,0,,,,Vivek
LG PHONE METRO PCS,,1,lg,,,Vivek
IMEI CLEANING& FACTORY UNLOCK@airtec,,0,,,,Vivek
For Sale IPhone6s üì± Parts Only,,1,apple,iphone 6s,,Vivek
For Sale IPhone 4s GB16,,1,apple,iphone 4s,16gb,Vivek
SAMSUNG NOTE 8 NOTE 9 S8&S9 ON SALE @AIRTEC WIRELESS 410 S CLARK...,,0,,,,Vivek
Instant unlock any iphone for any carrier 5MINS@AIRTEC 410S CLARK,,0,,,,Vivek
PHONES FOR Cheap Price @ AIR TEC 410 S CLARK (WE HAVE THE GALAXY S9,,0,,,,Vivek
Buy used or new phone from a CERTIFIED dealer,,0,,,,Vivek
IPHONE 7 UNLOCK 128GB @AIRTEC 410 S CLARK,,1,apple,iphone 7,128gb,Vivek
Ipads and tablets,,0,,,,Vivek
iPhone X 256GB,,1,apple,iphone x,256gb,Vivek
Unlock UR IPHONE NOW~any iphone in 5 mins yes any iphone@410 S CLARK,,0,,,,Vivek
Best iPhone repair in town! Cheapest/ Quickest,,0,,,,Vivek
PHONES LIKE GALAXY S8S9 HTC M10 LG V20 V30 V35 AND MORE @AIRTEC *,,0,,,,Vivek
"BLACKBERRY ""7"" 16GB PLAYBOOK",,0,,,,Vivek
"BLACKBERRY ""7"" 16GB PLAYBOOK",,0,,,,Vivek
Moto Z2 Force 64GB - Unlocked (AT&T / T-mobile),,1,motorola,moto z2,64gb,Vivek
Brand New Factory Unlocked iPhone XS MAX 64GB Black,,1,apple,iphone xs max,64gb,Vivek
FREE phone,,0,,,,Vivek
T-Mobile HTC W/ Sense,,1,htc,,,Vivek
Like New Nokia E5,,1,nokia,e5,,Vivek
NEW Otter box for Samsung S6 EDGE+,,0,,,,Vivek
CLEAN UNLOCKED IPHONE 7 PLUS 32GB,,1,apple,iphone 7 plus,32gb,Vivek
CLEAN IPHONE 6 PLUS UNLOCKED,,1,apple,iphone 6 plus,,Vivek
Samsung Galaxy J2 core J260M Factory Unlocked,,1,samsung,galaxy j2 core,,Vivek
T-Mobile - iPhone 8 Plus - RED - 256GB,,1,apple,iphone 8 plus,256gb,Vivek
Samsung Galaxy S5 Verizon 16GB,,1,samsung,galaxy s5,16gb,Vivek
Samsung Galaxy S5 Verizon 16GB,,1,samsung,galaxy s5,16gb,Vivek
Samsung Galaxy S5 Verizon 16GB,,1,samsung,galaxy s5,16gb,Vivek
Iphone 7-Plus 32GB (T-mobile),,1,apple,iphone 7 plus,32gb,Vivek
LG G5 TMobile 32GB,,1,lg,g5,32gb,Vivek
iPhone iPad Samsung Screen LCD Battery Repair 8/8+ 7/7+ /6S/6+ /5S,,0,,,,Vivek
Galaxy s9 plus new UNLOCKED,,1,samsung,galaxy s9,,Vivek
Selling Pink/Purple Note 9 New in Box T-Mobile 512GB,,1,samsung,galaxy note 9,512gb,Vivek
iPhone X 256 gb,,1,apple,iphone x,256gb,Vivek
Money for your iphone,,0,,,,Vivek
Samsung Galaxy S9,,1,samsung,galaxy s9,,Vivek
T-Mobile - iPhone 8 Plus - 256GB - RED,,1,apple,iphone 8 plus,256gb,Vivek
UNLOCK UR PHONE ANY IPHONE IN 5 MINS @Airtec 410 S CLARK,,0,,,,Vivek
Apple iPhone 7 128GB RED & White Factory UNLOCKED Brand NEW IN BOX Accessories,,1,apple,iphone 7,128gb,Vivek
iPhone 7 128GB JET BLACK Factory UNLOCKED NEW IN BOX Sealed Accessories,,1,apple,iphone 7,128gb,Vivek
Apple iPhone 7 32GB MATTE BLACK Factory UNLOCKED NEW IN BOX Sealed Accessories,,1,apple,iphone 7,32gb,Vivek
Apple iPhone 8 64GB BLACK Factory UNLOCKED *NEW IN BOX* Sealed Accessories,,1,apple,iphone 8,64gb,Vivek
iPhone 7+ Plus 128GB JET BLACK NEW IN BOX Factory UNLOCKED w/ Sealed Accessories,,1,apple,iphone 7 plus,128gb,Vivek
Apple iPhone 7+ 128GB Matte BLACK Factory UNLOCKED Like NEW W/ BOX Accessories,,1,apple,iphone 7 plus,128gb,Vivek
Samsung Galaxy J3 pro J330F Factory Unlocked GSM cell phone,,1,samsung,galaxy j3 pro j330f,,Vivek
Apple iPhone 7+ Plus 128GB JET BLACK Factory UNLOCKED Like NEW BOX Accessories,,1,apple,iphone 7 plus,128gb,Vivek
Ipads and tablets,,0,,,,Vivek
OtterBox Phone Case For Samsung Galaxy S6 Edge color Aqua Sky,,0,,,,Vivek
Samsung Galaxy Tab 2 (7-Inch),,0,,,,Vivek
iphone XS 256Gb Brand new,,1,apple,iphone xs max,256gb,Vivek
Samsung Galaxy S7,,1,samsung,galaxy s7,,Vivek
IPHONE XS MAX SAMSUNG NOTE9 NEW PHONES HERE@AIRTEC 410 S CLARK...,,0,,,,Vivek
IPHONES GSM PHONES LIKE GALAXY S8 HTC M10 LG V20 AND MORE @AIRTEC,,0,,,,Vivek
IMEI CLEANING&UNLOCK UR PHONE @airtec 410 S CLARK,,0,,,,Vivek
"A wide variety of Android phones for sale Lg,Huawei,ZTE,Samsung+Apple",,0,,,,Vivek
PHONE @airtec 410 S CLARK,,0,,,,Vivek
UNLOCK BUY SELL AND TRADE IN UR PHONELaptop @AIR TEC WIRELESS,,0,,,,Vivek
"A wide variety of Android phones for sale Lg,Huawei,ZTE,Samsung+Apple",,0,,,,Vivek
Unlocked Google Pixel XL 128GB android phone,,1,google,pixel xl,128gb,Vivek
"BLACKBERRY ""7"" 16GB PLAYBOOK",,0,,,,Vivek
IHIP App2 Wireless Bluetooth Earbuds,,0,,,,Vivek
WE ARE TAKING BOOST MOBILE PAYMENTS PAYMENTS,,0,,,,Vivek
Apple iPhone 6 Plus - 16GB UNLOCKED,,1,apple,iphone 6 plus,16gb,Vivek
Verizon iPhone 8 Plus - Space Gray - 256GB,,1,apple,iphone 8 plus,256gb,Vivek
Verizon iPhone 8 Plus - Space Gray - 256GB,,1,apple,iphone 8 plus,256gb,Vivek
Boost samsung j7 perx,,1,samsung,j7 perx,,Vivek
2 galaxy phones for sale,,0,,,,Vivek
Alcatel fierce 4 for Metro Pcs,,1,alcatel,fierce 4,,Vivek
Unlocked Google Pixel 2 XL 128GB - Black,,1,google,pixel 2 xl,128gb,Vivek
WE ARE TAKING BOOST MOBILE PAYMENTS PAYMENTS,,0,,,,Vivek
Unlocked Google Pixel 2 XL 128GB - Black,,1,google,pixel 2 xl,128gb,Vivek
Samsung Galaxy s8,,1,samsung,galaxy s8,,Vivek
IPHONE 7 256GB,,1,apple,iphone 7,256gb,Vivek
One plus 6T,,1,oneplus,6t,,Vivek
Samsung Galaxy s8,,1,samsung,galaxy s8,,Rajat
IPHONE 7 256GB,,1,apple,iphone 7,256gb,Rajat
One plus 6T,,1,oneplus,6t,,Rajat
"Computer, Laptops, Cell Phone SELL&Repair@AIRTEC 410 S CLARK!",,0,,,,Rajat
Ipads and tablets on sale @AIRTEC WIRELESS 410S CLARK,,0,,,,Rajat
IMEI CLEANING&UNLOCK UR PHONE @airtec 410 S CLARK,,0,,,,Rajat
SALE!!! LAPTOPS FROM $100!!,,0,,,,Rajat
Lg g6 unlocked,,1,lg,g6,,Rajat
T Mobile iPhone 8+ 64 GB Excellent Condition with tech21 case,,0,,,,Rajat
T Mobile iPhone 8+ 64 GB Excellent Condition with tech21 case,,0,,,,Rajat
ATT Galaxy S8 Active,,1,samsung,galaxy s8,,Rajat
iPhone 6,,1,apple,iphone 6,,Rajat
iPhone X :::: space gray :::: 256gb,,1,apple,iphone x,,Rajat
Otter Box case for iPhone 6,,0,,,,Rajat
Brand new LG G7 ThingQ Tmobile- Grey MSRP $750,,1,lg,g7,,Rajat
BALLISTIC Carbon Fiber Urbanite Series Case for Apple iPhone 6 / 6s,,0,,,,Rajat
I B*U*Y PHONES 4 CASH ‚ùóÔ∏è iPhone xs and iPhone xs max ‚úÖ,,0,,,,Rajat
IMEI CLEANING&UNLOCK UR PHONE @airtec 410 S CLARK,,0,,,,Rajat
IPHONES GSM PHONES LIKE GALAXY S8 HTC M10 LG V20 AND MORE @AIRTEC,,0,,,,Rajat
PHONES LIKE GALAXY S8S9 HTC M10 LG V35 IPHONES &MORE@AIRTEC410 S CLARK,,0,,,,Rajat
Unlock UR IPHONE NOW!!! any iphone in 5 mins yes any iphone,,0,,,,Rajat
New Unlocked Samsung GalaxyNOTE 8 On sale!@AIRTEC 410 S CLARK,,1,samsung,galaxy note 8,,Rajat
CRAZY SALE ON ALL THE PHONES@AIR TEC WIRELESS,,0,,,,Rajat
BUY SELL UNLOCK AND TRADE IN UR PHONE&Laptop @AIR TEC WIRELESS,,1,,,,Rajat
Buy used or new phone from a CERTIFIED dealer@AIR TEC 410 S CLARK,,0,,,,Rajat
"Repair services for phones, tablets, computers@410 S CLARK",,0,,,,Rajat
UNLOCK UNLOCK UNLOCK UR PHONE @ 410 S CLARK,,0,,,,Rajat
SAMSUNG GALAXY S9 &S9+ ON SALE @AIRTEC WIRELESS,,1,samsung,galaxy s9,,Rajat
Unlock UR IPHONE NOW!!! ANY IPHONE Sprint At&t T.mobile X-FMobile&more,,0,,,,Rajat
iPhone XS MAX 64gb space gray BRAND NEW IN BOX,,1,apple,iphone xs max,64gb,Rajat
OtterBox 77-23382_B Defender Series Case for Apple iPhone 5 - Retail P,,0,,,,Rajat
Black iPhone 7 Plus 128gb Verizon,,1,apple,iphone 7 plus,128gb,Rajat
OnePlus 3T used,,1,oneplus,3t,,Rajat
Google Pixel 2 64GB Black,,1,google,pixel 2,64gb,Rajat
Motorola Moto G 4th Gen XT1625 Black SCREEN GLASS ONLY,,1,motorola,motog 4th gen,,Rajat
Sprint LG V40 ThinQ & T-Mobile iPhone XS Max,,0,,,,Rajat
iPhone 7 Smart Battery Case - Black,,0,,,,Rajat
Black iPhone 6s,,1,apple,iphone 6s,,Rajat
Samsung Dex Pad - turn your Galaxy phone into a desktop computer,,0,,,,Rajat
WE ARE TAKING BOOST MOBILE PAYMENTS PAYMENTS,,0,,,,Rajat
LG G4 UNLOCK 32GB BLACK,,1,lg,g4,32gb,Rajat
IPHONE 8PLUS UNLOCK 64GB SILVER,,1,apple,iphone 8 plus,64gb,Rajat
Used IPhone 7 Plus 128GB Matte black,,1,apple,iphone 7 plus,128gb,Rajat
Iphone 6s 64gb Unlocked,,1,apple,iphone 6s,64gb,Rajat
iPhone Samsung Screen Repair - We come to you!!!,,0,,,,Rajat
iPhone Samsung Screen Repair - We come to you!!!,,0,,,,Rajat
iPhone Samsung Screen Repair - We come to you!!!,,0,,,,Rajat
iPhone Samsung Screen Repair - We come to you!!!,,0,,,,Rajat
iPhone 5s White 32GB Very Clean Unlocked,,1,apple,iphone 5s,32gb,Rajat
SIM Card Cutter - Standard size to Micro SIM - NEW,,0,,,,Rajat
H2O SIM Card (ATT) - Standard or Micro - FREE shipping - NEW,,0,,,,Rajat
IPHONE 7 128GB,,1,apple,iphone 7 plus,128gb,Rajat
New iPhone xs,,1,apple,iphone xs,,Rajat
Samsung Galaxy s7 edge sprint,,1,samsung,galaxy s7,,Rajat
Like new iPhone 6 Plus 64Gb Silver factory Unlocked,,1,apple,iphone 6 plus,64gb,Rajat
Switch to Cricket!Cambiese a cricket!,,0,,,,Rajat
New LG 2.5mm single ear headset SGEY0003221 black,,0,,,,Rajat
Apple iPhone 8 - 256GB - Space Gray - Verizon - Like New with Case,,1,apple,iphone 8 plus,256gb,Rajat
Like new Sprint Samsung Galaxy S8,,1,samsung,galaxy s8,,Rajat
Samsung Galaxy S8,,1,samsung,galaxy s8,,Rajat
APPLE IWATCH 42mm NIKE EDITION,,0,,,,Rajat
Unlocked T-Mobile Samsung Galaxy Note 4,,1,samsung,galaxy note 4,,Rajat
iPhone Repair by professional working with electronics since 1998,,0,,,,Rajat
Iphone 7,,1,apple,iphone 7,,Rajat
iPod touch,,0,,,,Rajat
IPHONE 6 BOOST MOBILE,,1,apple,iphone 6,,Rajat
Galaxy S6 . Sprint . Like New!,,1,samsung,galaxy s6,,Rajat
"FREE, Boost Mobile Smartphone Samsung J7 Refine",,1,samsung,j7,,Rajat
iPhone iPad Samsung Screen LCD Battery Repair 8/8+ 7/7+ /6S/6+ /5S,,0,,,,Rajat
Verizon LG Lucid,,1,lg,lucid,,Rajat
Pixel 2 128 gb unlocked,,1,google,pixel 2,128gb,Rajat
IPHONE 6 BOOST MOBILE,,1,apple,iphone 6,,Rajat
iPhone 7 256GB - Black - STILL UNDER MANUFACTURER WARRANTY!,,1,apple,iphone 7,256gb,Rajat
IPHONE 8+ T-Mobile Unlock,,1,apple,iphone 8 plus,,Rajat
Samsung Galaxy S9 T-Mobile Lilac Purple,,1,samsung,galaxy s9,,Rajat
IPHONE 8+ T-Mobile Unlock,,1,apple,iphone 8 plus,,Rajat
switch to cricket!cambiese a cricket!,,0,,,,Rajat
IPHONE 8+ T-Mobile Unlock,,1,apple,iphone 8 plus,,Rajat
iPhone 7 plus AT&T Unlock 32gb Open box brand new gold,,1,apple,iphone 7 plus,,Rajat
IPHONE 8+ T-Mobile Unlock,,1,apple,iphone 8 plus,,Rajat
iPhone 7 plus AT&T Unlock 32gb Open Box Brand New Gold,,1,apple,iphone 7 plus,32gb,Rajat
IPHONE 8+ T-Mobile Unlock,,1,apple,iphone 8 plus,,Rajat
Samsung Galaxy S9 T-Mobile Lilac Purple,,1,samsung,galaxy s9,,Rajat
IPHONE 8+ T-Mobile Unlock With Box!,,1,apple,iphone 8 plus,,Rajat
iPhone 7 plus AT&T Unlock 128gb,,1,apple,iphone 7 plus,,Rajat
Samsung Galaxy S9 T-Mobile Lilac Purple,,1,samsung,galaxy s9,,Rajat
Samsung Galaxy S9 T-Mobile Lilac Purple,,1,samsung,galaxy s9,,Rajat
iPhone 7 plus AT&T Unlock 32gb Open box brand new gold,,1,apple,iphone 7 plus,,Rajat
iPhone 7 Plus Gold IN BOX!,,1,apple,iphone 7 plus,,Rajat
Samsung Galaxy S9 T-Mobile Lilac Purple,,1,samsung,galaxy s9,,Rajat
Samsung Galaxy S9 T-Mobile Lilac Purple,,1,samsung,galaxy s9,,Rajat
iPhone 7 plus AT&T Unlock 128gb Open boc brand new gold,,1,apple,iphone 7 plus,,Rajat
iPhone 7 Plus Gold IN BOX!,,1,apple,iphone 7 plus,,Rajat
iPhone 7 plus AT&T Unlock 128gb,,1,apple,iphone 7 plus,,Rajat
iPhone 7 plus AT&T Unlock 128gb Open box brand new gold,,1,apple,iphone 7 plus,,Rajat
iphone 7 tmobile gold,,1,apple,iphone 7,,Rajat
iPhone 7 Plus Gold IN BOX!,,1,apple,iphone 7 plus,,Rajat
iPhone 7 plus AT&T Unlock 128gb,,1,apple,iphone 7 plus,128gb,Rajat
iPhone 7 plus AT&T Unlock 128gb,,1,apple,iphone 7 plus,128gb,Rajat
iphone 7 tmobile gold,,1,apple,iphone 7,,Rajat
iPhone 7 Plus Gold IN BOX!,,1,apple,iphone 7 plus,,Rajat
Samsung Galaxy S8 T-Mobile Midnight Black,,1,samsung,galaxy s8,,Rajat
iphone 7 tmobile gold,,1,apple,iphone 7,,Rajat
iphone 7 tmobile gold,,1,apple,iphone 7,,Rajat
Samsung Galaxy S8 T-Mobile Midnight Black,,1,samsung,galaxy s8,,Rajat
iPhone 7 Plus Gold IN BOX!,,1,apple,iphone 7 plus,,Rajat
Samsung Galaxy S8 T-Mobile Midnight Black,,1,samsung,galaxy s8,,Rajat
Samsung Galaxy S8 T-Mobile Midnight Black,,1,samsung,galaxy s8,,Rajat
iphone 7 tmobile gold,,1,apple,iphone 7,,Rajat
Samsung Galaxy S9 T-Mobile Lilac Purple,,1,samsung,galaxy s9,,Rajat
Samsung Galaxy S9 T-Mobile Lilac Purple,,1,samsung,galaxy s9,,Rajat
iphone 7 tmobile gold,,1,apple,iphone 7,,Rajat
iPhone 7 plus AT&T Unlock 128gb,,1,apple,iphone 7 plus,128gb,Rajat
iPhone 6s 64gb unlocked space gray,,1,apple,iphone 6s,64gb,Rajat
Samsung Galaxy S8 T-Mobile Midnight Black,,1,samsung,galaxy s8,,Rajat
Samsung Galaxy S8 T-Mobile Midnight Black,,1,samsung,galaxy s8,,Rajat
Samsung Galaxy S8 T-Mobile Midnight Black,,1,samsung,galaxy s8,,Rajat
Iphone 7 !,,1,apple,iphone 7,,Rajat
Google pixel xl,,1,google,pixel xl,,Rajat
White iPhone X 64gb,,1,apple,iphone x,,Rajat
IPhone 4 AT&T unlock 16GB,,1,apple,iphone 4,16gb,Rajat
iphone 6 otter cases,,0,,,,Rajat
iPhone 6s Plus UNLOCKED,,1,apple,iphone 6s plus,,Rajat
For Sale Samsung Galaxy Note 3 T-Mobile,,1,samsung,galaxy note 3,,Rajat
Iphone 5s Black 16GB,,1,apple,iphone 5s,16gb,Rajat
Galaxy S7 32GB Excellent ATT Tmobile MetroPCS Cricket Verizon,,1,samsung,galaxy s7,32gb,Rajat
Tmobile Verizon ATT Metropcs cricket UnlockEd iphone 6 Great Condition,,1,apple,iphone 6,,Rajat
iPhone 4 White ATT 16GB,,1,apple,iphone 4,16gb,Rajat
iPhone 8 and Samsung Screen Replacement,,0,,,,Rajat
"Google Pixel 3 XL - 128GB - Pink - Brand New, Unlocked, Factory Sealed",,1,google,pixel 3 xl,128gb,Rajat
Apple iPhone 7 128gb IC üîí good condition,,1,apple,iphone 7,128gb,Rajat
iPhone Carrier Unlock Service,,0,,,,Rajat
Brand new iPhone XR t-Mobile,,1,apple,iphone xr,,Rajat
Plantronics Voyager Pro HD (new),,0,,,,Rajat
iPhone 6 unlocked - 16GB - Black,,1,apple,iphone 6,16gb,Rajat
IPhone 8 Plus 64gb new in box Tmobile,,1,apple,iphone 8 plus,64gb,Rajat
IPhone 8 Plus 64gb Verizon,,1,apple,iphone 8 plus,64gb,Rajat
Samsung S7 att/cricket only,,1,samsung,galaxy s7,,Rajat
Samsung S9 Tmobile for sale,,1,samsung,galaxy s9,,Rajat
iPhone 6s 16gb factory unlock,,1,apple,iphone 6s,16gb,Rajat
"NEW LG STYLO4 32GB, SPRINT, AND BOOST ONLY.",,1,lg,stylo 4,32gb,Rajat
NEW SAMSUNG GALAXY J7 REFINE 32GB BOOST AND SPRINT ONLY,,1,samsung,galaxy j7,,Rajat
IPhone 6 16gb factory unlock for sale,,1,apple,iphone 6,16gb,Rajat
Samsung S4 sprint/boost,,1,samsung,galaxy s4,,Rajat
IPhone 5s 16gb factory unlock,,1,apple,iphone 5s,16gb,Rajat
IPhone 5s 16gb no Touch ID factory unlock,,1,apple,iphone 5s,16gb,Rajat
IPhone 5s 16gb factory unlock/att,,1,apple,iphone 5s,16gb,Rajat
IPhone 5s 16gb factory unlock,,1,apple,iphone 5s,16gb,Rajat
IPhone 5s 32gb att/pending unlock,,1,apple,iphone 5s,16gb,Rajat
Iphone 5 att but pending unlock,,1,apple,iphone 5,16gb,Rajat
IPhone 6s 64gb factory unlock with tiny crack on screen,,1,apple,iphone 6s,64gb,Rajat
Samsung s7 for sale att/factory unlock,,1,samsung,galaxy s7,,Rajat
iPhone 6s Plus 64gb factory unlock,,1,apple,iphone 6s,64gb,Rajat
IPhone 5s 16gb Tmobile metro pcs,,1,apple,iphone 5s,16gb,Rajat
IPhone 6s 128gb att/pending unlock,,1,apple,iphone 6s,128gb,Rajat
Moto 360 watch,,0,,,,Rajat
IPhone 8 Plus 256gb Verizon/factory unlock,,1,apple,iphone 8 plus,256gb,Rajat
Metro pcs phones for sale all three are new in box,,0,,,,Rajat
IPhone 8 Plus 64gb Tmobile metro simple lyca,,1,apple,iphone 8 plus,64gb,Rajat
Samsung s6 for sprint,,1,samsung,galaxy s6,,Rajat
IPhone 6s 64gb factory unlock,,1,apple,iphone 6s,64gb,Rajat
Galaxy s4 for sale factory unlock,,1,samsung,galaxy s4,,Rajat
buying iphones macbooks google phones,,0,,,,Rajat
BRAND NEW Phone XS MAX 512 GB Gold,,1,apple,iphone xs max,512gb,Rajat
Brand New UNLOCKED Oneplus 6 OP6 Cell Phone 8GB RAM / 128GB Storage,,1,oneplus,6,128gb,Rajat
iPhone 8 Plus,,1,apple,iphone 8 plus,,Rajat
I Phone 8 Cases (Lifeproof/Otterbox),,0,,,,Rajat
BUYING XS MAX X 8 8+ 7 7+ MACBOOKS IPADS APPLE WATCH,,0,,,,Rajat
BRAND NEW IPHONE 6s,,1,apple,iphone 6s,,Rajat
BRAND NEW IPHONE 6s,,1,apple,iphone 6s,,Rajat
IPHONE 6S 64GB MINT CONDITION,,1,apple,iphone 6s,64gb,Rajat
Samsung s8 plus factory unlock,,1,samsung,galaxy s8 plus,,Rajat
IPhone 8 64gb tmobile metro pcs,,1,apple,iphone 8,64gb,Rajat
phones for sale all T-Mobile look new in box,,0,,,,Rajat
IPhone 6 16gb sprint/boost,,1,apple,iphone 6,16gb,Rajat
Note 5 Verizon/factory unlock,,1,samsung,galaxy note 5,,Rajat
Iphone 7 32gb Touch ID works but home button doesn't,,1,apple,iphone 7,32gb,Rajat
2 Verizon phones for sale,,0,,,,Rajat
iPhone 6 silver 16gb cricket,,1,apple,iphone 6,16gb,Rajat
Note 8 Tmobile new in box (open box) 550$ firm,,1,samsung,galaxy note 8,,Rajat
IPhone 6s Plus 64gb sprint,,1,apple,iphone 6s plus,64gb,Rajat
Iphone 8 256gb gold factory Unlock,,1,apple,iphone 8,256gb,Rajat
IPhone 6s 16gb T-Mobile metro,,1,apple,iphone 6s,16gb,Rajat
Iphone Se 32gb T-Mobile for sale,,1,apple,iphone se,32gb,Rajat
IPhone 6 16gb sprint/boost mobile,,1,apple,iphone 6,16gb,Rajat
Lg x venture factory unlock,,1,lg,x venture,,Rajat
Galaxy s4 for sale factory unlock,,1,samsung,galaxy s4,,Rajat
Note 8 Tmobile new in box (open box),,1,samsung,galaxy note 8,,Rajat
IPhone 8 sealed 64gb T-Mobile Black,,1,apple,iphone 8,64gb,Rajat
iphone Se factory unlock 150$ like new,,1,apple,iphone se,,Rajat
Ellipsis 8 Hd Verizon/factory unlock 150$ new,,0,,,,Rajat
iPhone 6s 64gb factory unlock,,1,apple,iphone 6s,64gb,Rajat
IPhone 6 16gb factory unlock,,1,apple,iphone 6,16gb,Rajat
Samsung s3 for sprint,,1,samsung,galaxy s3,,Rajat
Samsung s5 for att or cricket,,1,samsung,galaxy s5,,Rajat
Samsung s2 for sprint,,1,samsung,galaxy s2,,Rajat
iPhone 7 Plus 32G Black Unlocked,,1,apple,iphone 7 plus,32gb,Rajat
Unlocked Samsung Galaxy Note II SGH T889,,1,samsung,galaxy note 2,,Rajat
phones for sale all T-Mobile look new in box,,0,,,,Rajat
iPhone 6S 64gb AT&T,,1,apple,iphone 6s,64gb,Rajat
Google Pixel 2 XL64GB Unlocked,,1,google,pixel 2,64gb,Rajat
Samsung Galaxy S8 64GB Unlocked,,1,samsung,galaxy S8,64gb,amjad
iPhone 6 (Unlocked),,1,apple,iphone 6,,amjad
iPhone 7 32G Unlocked Black,,1,apple,iphone 7,32gb,amjad
iPhone 6 PLUS,,1,apple,iphone 6 plus,,amjad
*(NEW) SANDISK 32GB SD CARD,,0,,,,amjad
Pixel 2 XL Case,,0,,,,amjad
"I-Phone 6 Christmas ""Noel"" Phone Case",,0,,,,amjad
Samsung Galaxy SII,,1,samsung,galaxy s2,,amjad
Two I-Phone 6 Cases,,0,,,,amjad
Apple iPhone 6 64GB Unlock Smartphone - Space Gray,,1,apple,iphone 6,64gb,amjad
LG Stylo 2 Plus,,1,lg,stylo 2 plus,,amjad
iPhone 6s like new,,1,apple,iphone 6s,,amjad
Instant unlock any iPhone for any carrier,,0,,,,amjad
Selling my new iPhone ex S bought it for my grandpa he did not know ho,,1,apple,iphone XS,,amjad
Note 3 for sale factory unlock,,1,samsung,galaxy note 3,,amjad
Samsung j36 v for sale factory unlock,,1,samsung,j36 v,,amjad
Samsung s5 factory unlock,,1,samsung,galaxy s5,,amjad
S6 edge+ for sale sprint of boost mobile,,1,samsung,galaxy s6,,amjad
IPhone 8 64gb att or cricket,,1,apple,iphone 8,64gb,amjad
IPhone 6 32gb boost mobile,,1,apple,iphone 6,32gb,amjad
IPhone 6s 16gb Tmobile metro,,1,apple,iphone 6s,16gb,amjad
"iPhone 5 ATT AT&T (unlocked, clean IMEI) needs screen",,1,apple,iphone 5,,amjad
***LG LCD TOUCH SCREEN W/ KEYBOARD***,,1,lg,,,amjad
IPhone 8 att/cricket for sale,,1,apple,iphone 8,,amjad
IPhone 8 Plus sprint/boost,,1,apple,iphone 8 plus,,amjad
Iphone 7 32gb factory unlock,,1,apple,iphone 7,32gb,amjad
IPhone 6s 64gb sprint/boost mobile,,1,apple,iphone 6s,64gb,amjad
IPhone 6 32gb sprint/boost mobile,,1,apple,iphone 6,32gb,amjad
Samsung s8 plus factory unlock,,1,samsung,galaxy s8,,amjad
Samsung s8 plus factory unlock 64gb Black,,1,samsung,galaxy s8 plus,64gb,amjad
Sprint Android 4G LTE smartphone,,0,,,,amjad
Custom iPhone 6 jet black,,1,apple,iphone 6,,amjad
Boost mobile Samsung prevail,,1,samsung,boost mobile,,amjad
iPhones for sale üëÄ look,,0,,,,amjad
Samsung s7 tmobile,,1,samsung,galaxy s7,,amjad
Samsung s5 factory unlock,,1,samsung,galaxy s5,,amjad
Moto e4 T-Mobile new in box,,1,motorola,moto e4,,amjad
Iphone Se metro pcs like new,,1,apple,iphone se,,amjad
Sony experia z and z3 for sale,,0,,,,amjad
IPhone 8 64gb with rear crack,,1,apple,iphone 8,64gb,amjad
S9 plus T-Mobile new in box black,,1,samsung,galaxy s9,,amjad
IPhone 6s 64gb factory unlock,,1,apple,iphone 6s,64gb,amjad
S9 factory unlock for sale,,1,samsung,galaxy s9,,amjad
Iphone 7 128gb Verizon/factory unlock,,1,apple,iphone 7,128gb,amjad
IPhone 6s 64gb factory unlock,,1,apple,iphone 6s,64gb,amjad
Samsung S7 Active Unlocked READ DESCRIPTION !,,1,samsung,galaxy s7,,amjad
"New (Open box)! Moto G5 Plus XT1687 Factory Unlocked Phone, 32GB",,1,motorola,moto g5 plus xt1687,,amjad
Samsung Galaxy S7 Active 32GB $140 FIRM Unlocked,,1,samsung,galaxy s7,32gb,amjad
Apple IPhone 7 Plus 256GB AT&T Unlocked,,1,apple,iphone 7 plus,256gb,amjad
"iPhone 6 , 64 GB , Gold , UNLOCKED !",,1,apple,iphone 6,64gb,amjad
Lycamobile sim card,,0,,,,amjad
iPhone 6s Plus + 128GB factory unlocked,,1,apple,iphone 6s plus,,amjad
Apple iPhone 8 Plus 256 GB Grey Unlocked Factory Sealed 1 Yr Warranty,,1,apple,iphone 8 plus,256gb,amjad
Apple iPhone 8 Plus 256 GB Gold Unlocked Factory Sealed 1 Yr Warranty,,1,apple,iphone 8 plus,256gb,amjad
Apple iPhone X 256 GB Grey Unlocked Factory Sealed 1 Yr Warranty New,,1,apple,iphone x,256gb,amjad
"LG Escape 2 cell phone, never used",,1,lg,escape 2,,amjad
"Apple iPhone 7 Gold, Warranty",,1,apple,iphone 7,,amjad
iPhone xs max 512gb,,1,apple,iphone xs,512gb,amjad
HTC Inspire phones,,1,htc,inspire,,amjad
Apple iPhone 6s 32GB Mint Condition with warranty,,1,apple,iphone 6s,32gb,amjad
iPhone 6S. 64 GB. T Mobile. Mint!,,1,apple,iphone 6s,64gb,amjad
IPhone 7 128GB unlocked,,1,apple,iphone 7,128gb,amjad
"Apple iPhone 7 Rose Gold, Warranty",,1,apple,iphone 7,,amjad
iPhone 8 | AT&T | 64 GB | LIKE NEW!,,1,apple,iphone 8,64gb,amjad
Galaxy 6 32 Gb,,1,samsung,galaxy 6,32gb,amjad
"Apple iPhone 7 Black, Warranty",,1,apple,iphone 7,,amjad
Verizon Accessories Bluetooth Lot,,0,,,,amjad
LG G6 BRAND NEW FOR BOOST MOBILE ONLY!!,,1,lg,g6,,amjad
"Apple iPhone 7 Silver, Warranty",,1,apple,iphone 7,,amjad
Wireless Bluetooth Headset,,0,,,,amjad
Apple iPhone 6 - Factory Unlocked - Space Gray,,1,apple,iphone 6,,amjad
iPhone XS Max,,1,apple,iphone xs,,amjad
iPhone 7 Tech21 Crystal Clear Case / Cover Impact Resistant,,0,,,,amjad
Samsung Galaxy S5 SM-G900A 16GB,,1,samsung,galaxy s5,16gb,amjad
iPhone 7+ :: 256g :: silver :: excellent condition (stolen),,1,apple,iphone 7 plus,256gb,amjad
Google Pixel XL - Verizon - Perfect Condition,,1,google,pixel xl,,amjad
Iphone 6S - Verizon - Perfect Condition,,1,apple,iphone 6s,,amjad
iPhone 7 Plus,,1,apple,iphone 7 plus,,amjad
mophie charger case wireless for iphone 7 plus,,0,,,,amjad
iPhone 6s Plus,,1,apple,iphone 6s plus,,amjad
brand new factory sealed Verizon Blackberry 8703e,,1,blackberry,8703e,,amjad
brand new factory sealed Verizon Blackberry 7130e,,1,blackberry,7130e,,amjad
Conference phone brand new,,1,conference,,,amjad
at&t phones,,0,,,,amjad
iPhone 7 Gold by T-Mobile Like New,,1,apple,iphone 7,,amjad
Armored case with foldout desktop stand for Moto G5S Plus cell phone,,0,,,,amjad
"iPhone 7 256GB, Black Matte, UNLOCKED",,1,apple,iphone 7,256gb,amjad
T-Mobile truconnect phone Works,,0,,,,amjad
super nice number for sale,,0,,,,amjad
New iPhone 7 128gb Black,,1,apple,iphone 7,128gb,amjad
Google Pixel 2 64gb Black Unlocked,,1,google,pixel 2,64gb,amjad
iPhone 7,,1,apple,iphone 7,,amjad
One Plus 5T 128GB Midnight Black,,1,oneplus,5t,128gb,amjad
Sprint AirRave Access Point - Samsung Ethernet cell phone booster,,0,,,,amjad
iPhone 7 PLUS 128Gb Black color World unlocked,,1,apple,iphone 7 plus,128gb,amjad
NEW Kyocera Hydro EDGE Battery. Case also available.,,0,,,,amjad
LG K20 Plus from Metro PCS,,1,lg,k20 plus,,amjad
IPhone 4 AT&T unlock 16GB,,1,apple,iphone 4,,amjad
25 Cell Phone Cases - NEW,,0,,,,amjad
Apple iPhone 6S Plus 16GB - Gold,,1,apple,iphone 6s plus,16gb,amjad
Apple iPhone 6S Plus 16GB - Gold,,1,apple,iphone 6s plus,16gb,amjad
Apple iPhone 6S Plus 16GB - Gold,,1,apple,iphone 6s plus,16gb,amjad
ZTE Avail Z990 Android GSM Smartphone AT&T cracked screen,,1,zte,avail z990,,amjad
Galaxy Note 8 Spigen Cover/Charger/SD card,,0,,,,amjad
Verizon LG Flip Phone,,1,lg,flip,,amjad
Verizon LG Flip Phone,,1,lg,flip,,amjad
iPhone 5,,1,apple,iphone 5,,amjad
Motorola Flip Phone,,1,motorola,flip,,amjad
Verizon LG Flip Phone,,1,lg,flip,,amjad
Samsung Flip Phone,,1,samsung,flip,,amjad
iPhone 5s,,1,apple,iphone 5s,,amjad
US Cellular LG Flip Phone,,1,lg,flip,,amjad
FRƒí FOR GALAXY S7,,0,,,,amjad
Kyocera Smart Phone Android 4G LTE,,1,kyocera,smart phone,,amjad
"Google Motorola Nexus 6 Unlocked cellphone, 64GB, Blue",,1,google,nexus 6,64gb,amjad
T-MOBILE ALCATEL One Touch *BEST OFFER*,,1,alcatel,one touch,,amjad
SG6 cell phone,,1,samsung,g6,,amjad
Case for Iphone X,,0,,,,amjad
Samsung GALAXY S7 UNLOCK 32GB BLACK AND GOLD,,1,samsung,galaxy s7,32gb,amjad
Samsung Galaxy S5 Unlock White And Gold 16GB,,1,samsung,galaxy s5,16gb,amjad
iPhone car charger set,,0,,,,amjad
Galaxy S7 32GB. All Carriers Factory Unlocked. Excellent Condition,,1,samsung,galaxy s7,32gb,amjad
T-mobile Tmobile ATT AT&T Verizon Cricket MetroPcs+all iphone 6 16gb,,0,,,,amjad
Tmobile Verizon ATT Metropcs cricket UnlockEd iphone 6 Great Condition,,1,apple,iphone 6,,amjad
Galaxy S7 32GB Unlocked for all carriers BRAND NEW Condition,,1,samsung,galaxy s7,32gb,amjad
Jet Black iPhone 7 Plus 128GB,,1,apple,iphone 7 plus,128gb,amjad
Samsung Galaxy S9,,1,samsung,galaxy s9,,amjad
Samsung Galaxy NOTE9 UNLOCK 128GB BLACK,,1,samsung,galaxy note 9,128gb,amjad
Samsung Galaxy Note8 Unlock 64GB Black,,1,samsung,galaxy note 8,64gb,amjad
Samsung Galaxy S9plus Unlock 64GB,,1,samsung,galaxy s9 plus,64gb,amjad
Samsung Galaxy S9 Unlock 64GB Black and purple,,1,samsung,galaxy s9,64gb,amjad
Iphone 7 FACTORY UNLOCK 32GB Black,,1,apple,iphone 7,32gb,amjad
LG G4 UNLOCK 32GB BLACK,,1,lg,g4,32gb,amjad
iPhone 7 128GB,,1,apple,iphone 7,128gb,amjad
Nokia N900 Smart phone,,1,nokia,n900,,amjad
Samsung Galaxy S8 Unlocked 64GB - Midnight Black [US Version],,1,samsung,galaxy s8,64gb,amjad
Samsung Galaxy Note 5 Unlocked,,1,samsung,galaxy note 5,,amjad
Samsung Galaxy S Aviator,,1,samsung,galaxy s,,amjad
iPhone X with 256g Not Locked Accessories Perfect Warranty Included,,1,apple,iphone x,256gb,amjad
Samsung Flip top cell phone,,1,samsung,flip top,,amjad
Perfect Samsung S8 64GB,,1,samsung,galaxy s8,64gb,amjad
Bastex Belt Clip Case For Samsung S7,,0,,,,amjad
Samsung S7 Premium Tempered Glass Screen Protector,,0,,,,amjad
Simple Mobile PIN $10 pay-as-you-go International Long Distance,,0,,,,amjad
Google Huawei Nexus 6P 32GB Smartphone (Android),,1,google,nexus 6p,32gb,amjad
CELL PHONE LOT OF 63 PHONES AND ACCESSORIES,,0,,,,amjad
iPhone 7 Plus 128 go - Unlocked,,1,apple,iphone 7 plus,128gb,amjad
Microsoft Lumia 950 like new,,1,microsoft,lumia 950,,amjad
iPhone 6S for parts,,0,,,,amjad
64Gb Samsung Galaxy S8 Plus,,1,samsung,galaxy s8,64gb,amjad
iPhone 7 128GB Matte Black in Like New Condition w/ Accessories!,,1,apple,iphone 7,128gb,amjad
"LG Cell Flip Phone, Charger and Car Charger",,1,lg,flip phone,,amjad
Verizon Google Pixel XL 32GB Black,,1,google,pixel xl,32gb,amjad
SuperTooth Voice Bluetooth Set,,0,,,,amjad
AT&T Lg Xpression Cell Phone,,1,lg,xpression,,amjad
Verizon Blackberry,,1,blackberry,blackberry,,amjad
Iphone 5 A1429 BROKEN,,1,apple,iphone 5,,amjad
Pixel 2 in MINT condition with Moment Tele Lens and case,,1,google,pixel 2,,amjad
Alcatel ideal ATT GO phone NEW,,0,,,,amjad
galaxy s8 64gb t-mobile,,1,samsung,galaxy s8,64gb,amjad
***BRAND NEW Griffin Elan iPhone 4/ 4S Microfiber Holster Case!!!***,,0,,,,amjad
Pixel 2 XL bundle,,1,google,pixel 2,,amjad
UNLOCKED iPhone 6S PLUS 64GB Space Gray Verizon ATT T-Mobile Sprint,,1,apple,iphone 6s plus,64gb,amjad
Unlocked iPhone 6 Plus 64gb Silver White Verizon AT&T T-Mobile Sprint,,1,apple,iphone 6 plus,64gb,amjad
iPhone 6 Plus 16GB Unlocked Space Gray Silver Gold Verizon ATT Sprint,,1,apple,iphone 6 plus,16gb,amjad
UNLOCKED Iphone 6S 16GB Space Gray Verizon ATT T-Mobile Sprint,,1,apple,iphone 6s,16gb,amjad
Apple iPhone 6S Black Gold 64GB UNLOCKED AT&T Verizon T-mobile Sprint,,1,apple,iphone 6s,64gb,amjad
iPhone 6 128GB Unlocked Space Gray Silver Gold Verizon ATT Sprint T-Mo,,1,apple,iphone 6,128gb,amjad
iPhone 6 64GB UNLOCKED Space Gray Black Verizon ATT T-Mobile Sprint,,1,apple,iphone 6,64gb,amjad
Apple iPhone 6 Black 16GB Unlocked VERIZON AT&T ATT T-Mobile,,1,apple,iphone 6,16gb,amjad
iphone SE 32GB Black Space Gray Unlocked Verizon AT&T T-Mobile Sprint,,1,apple,iphone se,32gb,amjad
iPhone SE 16GB Unlocked Space Gray Black Verizon AT&T T-Mobile Sprint,,1,apple,iphone se,16gb,amjad
Apple iPhone 5S Silver White 64GB Factory Unlocked ATT T-Mobile AT&T,,1,apple,iphone 5s,64gb,amjad
Apple iPhone 5S Space Gray 64GB Factory Unlocked ATT T-Mobile AT&T,,1,apple,iphone 5s,64gb,amjad
Apple iPhone 5s 32GB Verizon Black Factory Unlocked,,1,apple,iphone 5s,32gb,amjad
Apple iPhone 5S Black 16GB Factory Unlocked AT&T T-Mobile VERIZON,,1,apple,iphone 5s,16gb,amjad
Apple iphone 5 Black or White 16GB Unlocked ATT T-Mobile AT&T,,1,apple,iphone 5,16gb,amjad
Apple iphone 5C Pink 8GB Unlocked VERIZON ATT T-Mobile AT&T,,1,apple,iphone 5c,8gb,amjad
Apple iphone 4S Black 16GB Verizon Unlocked ATT T-Mobile GSM AT&T,,1,apple,iphone 4s,16gb,amjad
NEW Apple Iphone Ipod 5 5S 5C 6 Earbuds EarPods Earphones Remote Mic,,0,,,,amjad
*** GENUINE APPLE ORIGINAL OEM 5W USB AC CHARGER ADAPTER CUBE BLOCK,,0,,,,amjad
** NEW APPLE LIGHTNING USB CABLES - Four Pack Retail Box,,0,,,,amjad
NEW Apple Cover Case iPhone SE 5S 5 TPU GRIP BLACK S TV STAND CLIP,,0,,,,amjad
Iphone X Brand New Unopened Box and Unlocked,,1,apple,iphone x,,amjad
Apple iPhone 8 Plus 256GB Unlocked,,1,apple,iphone 8 plus,256gb,amjad
Apple Watch Series 3 GPS+LTE 42MM,,0,,,,amjad
Bellsouth - Landline Telephone,,0,,,,amjad
Vetch DECT 6.0,,0,,,,amjad
Google Pixel 3,,1,google,google pixel 3,,amjad
Samsung Galaxy Note 8 64GB Unlocked,,1,samsung,galaxy note 8 64,64gb,amjad
Plantronics Bluetooth Headset -Brand New,,0,,,,amjad
Essential phone PH-1 gsm unlocked,,0,,,,amjad
iphone 6 64gb tmobile phone,,1,apple,iphone 6,64gb,amjad
ANDROID COMPATIBLE CHARGE & SYNC DOCK,,0,,,,amjad
Iphone 6 plus locked,,1,apple,iphone 6,,amjad
IPHONE 6S 64GB,,1,apple,iphone 6s,64gb,amjad
"iPhone 6s T-Mobile, Rose Gold",,1,apple,iphone 6,,amjad
Samsung Galaxy Note 9 case (brand-new),,0,,,,amjad
iPhone 7 32GB Unlocked -Rose Gold LIKE NEW 10/10,,1,apple,iphone 7,32gb,amjad
APPLE IPHONE 4S BLACK 16GB GSM ATT AT&T,,1,apple,iphone 4s,16gb,amjad
Apple iPhone 6+ 16 gb (Global/Sprint/A1524),,1,apple,iphone 7,32gb,karma
"Wheel Alignment $50, Used Tires $35, Brakes from $89 !!",,1,apple,iphone 4s,16gb,karma
Red (Product) iPhone 8 Plus,,1,apple,iphone 7,128gb,karma
Bose Blue tooth headset,,1,samsung,galaxy s9,,karma
"iPhone 6S, 64 GB, T Mobile, Like New!",,1,samsung,galaxy note 9,128gb,karma
Pixel 2 XL 128gb unlocked,,1,apple,iphone 7,32gb,karma
Unlocked Apple iPhone 8 Plus 256GB SILVER - with warranty to Feb. 2019,,1,apple,iphone xs,256gb,karma
Apple iPhone 8 Plus 256GB SILVER - Full WARRANTY to Feb 2019,,1,apple,iphone xs,256gb,karma
IB*u*y Used iPhones,,1,samsung,galaxy note 5,,karma
iPhone 4s 16gb. Mint.,,0,,,,karma
T-Mobile iPhone X space grey 64g,,1,apple,iphone 6,64gb,karma
HTC Inspire phones,,1,apple,iphone 6s plus,16gb,karma
OBO Samsung Galaxy S8+ PLUS BLACK Tmobile New OBO**,,1,apple,iphone 6 plus,16gb,karma
CELL PHONE LOT OF 63 PHONES AND ACCESSORIES,,1,apple,iphone 7,128gb,karma
Samsung Galaxy Note 8 and all the accessories you will ever need,,1,samsung,galaxy note 9,128gb,karma
Pixel 2XL,,1,samsung,galaxy s6,32gb,karma
New and unopened Galaxy Note 9,,1,apple,iphone xr,256gb,karma
Apple Watch series 1,,1,samsung,galaxy s6,,karma
Plantronics M70 BLUETOOTH,,1,samsung,galaxy s7,,karma
Apple iPhone 5 32g Black & Slate AT&T,,1,apple,iphone 6s,,karma
Samsung Note 4 AT&T. Unlocked,,0,,,,karma
S9 Unlock New Andriod China phone,,1,samsung,galaxy s7,,karma
ATT ZTE MAYVEN $10 (CRACK SCREE )@@@@@@~~~@@@@@@@@@@@@@@@@@@@@@@@@@@@@,,1,lg,g7,,karma
iPhone 6 lime green case cover,,1,samsung,galaxy note 8,,karma
ATT ZTE MAYVEN $20 @@@@@@@@@@@@@@@@@@@@@@@@@@@@@@@@@@@@@@@@@@@@,,0,,,,karma
CHEAP ATT EXCELLENT CONDITION PHONE,,1,apple,iphone 7,128gb,karma
Att ZTE MAYVEN Z812 & IPHONE 6@@@@@@@@@@@@@@@@@@@@@@@@@,,1,apple,iphone 7,128gb,karma
IPHONE 6 STUCK ITUNES $50@@@@@@@@@@@@@@@@@@@@@@@@@@@@@@@@@@@@@@@@,,0,,,,karma
Galaxy S6 | Verizon | Mint . 3 FOR SALE,,1,samsung,galaxy note 3,,karma
"IPhone 6S, ATT, Rose Gold, 16GB",,1,samsung,galaxy grand prime,,karma
LG Volt 2 cell phone,,1,samsung,galaxy note 9,128gb,karma
Apple iPhone 7 Rose Gold,,0,,,,karma
Apple iPhone 7 Silver,,1,lg,g4,32gb,karma
Apple iPhone 7 Black,,1,apple,iphone 8 plus,64gb,karma
Apple iPhone 7 Gold,,1,apple,iphone x,64gb,karma
iPhone X - AT&T Excellent Condition-6 months Warranty Apple,,1,apple,iphone 7 plus,,karma
PELICAN PROGEAR VOYAGER iPHONE CASE + Kickstand White/Gray,,0,,,,karma
Motorola Boostmobile Cell Phone,,1,apple,iphone 6s,64gb,karma
Iphone xs,,1,apple,iphone 5,,karma
Jabra Sp5050 Bt Speakerphone,,1,apple,iphone 4s,,karma
Iphone xs,,1,pantech,c530,,karma
Lg stylo 4 for boost mobile new con:,,1,lg,k30,32gb,karma
Skiva - Protective Case and Extended Battery for iPhone 4 4S,,0,,,,karma
"iPhone 7 Plus case, iPhone 8 Plus case, Arae PU Leather Wallet Case wi",,1,revvl,plus,16gb,karma
BRAND NEW - MAGPUL Samsung Galaxy S5 FIELD CASE Black MAG476-BLK ~ New,,0,,,,karma
iPhone XR - 64GB - White - Verizon Unlocked - New w/Box and Acc,,1,apple,iphone 5c,16gb,karma
Unlocked iPhone 7 Plus 256GB Space Gray MINT,,1,apple,iphone 7,,karma
iPhone 7 Unlocked GSM,,0,lg,,,karma
iPhone 7 256gb iCloud locked,,1,apple,iphone 7s,,karma
"iphone 3gs ,16 gb,GSM ,unlocked",,1,motorola,moto x,,karma
LG V30 T-MOBILE,,1,apple,iphone 6,16gb,karma
iPhone 6s rose gold 16gb Unlocked,,0,,,,karma
Apple iPhone 7 Plus 32GB Unlocked -Fully Functional!!!!,,0,,,,karma
iPhone 6s Plus 64GB,,0,,,,karma
Unlocked Iphone Xs Max,,1,apple,iphone 5c,8gb,karma
**** LG K20 Plus *** SMART **** Cell Phone ** T-Mobile ** FREE VR ****,,1,samsung,galaxy s8,64gb,karma
Nokia 6310i Mobile Phone - Silver,,1,apple,iphone 6s plus,64gb,karma
BlackBerry Curve 8900 Javelin,,1,apple,iphone 7,32gb,karma
iPhone 6 + 6s Case Perfect Armor,,1,apple,iphone 7 plus,,karma
SPECIAL EDITION EMERALD GREEN MINT SAMSUNG GALAXY S6 EDGE GSM UNLOCKED,,1,apple,iphone 8,,karma
New iPhone 8 Plus 64GB UNLOCKED for any carrier!,,1,apple,iphone 6,64gb,karma
New iPhone 8 Plus 64GB UNLOCKED for any carrier!,,1,apple,iphone 6,64gb,karma
Apple ?¸ÁÈ IPhone 8 Plus 64GB New with new accessories! ! Unlocked ! On App,,1,apple,iphone x,256gb,karma
Apple ?¸ÁÈ IPhone 8 Plus 64GB New Condition with new accessories!,,1,apple,iphone 7,32gb,karma
Apple ?¸ÁÈ IPhone 8 Plus 64GB New Condition with new accessories! Brand New,,1,apple,iphone 4s,,karma
The new iPad 32Gb Wi-Fi,,1,apple,iphone 7,32gb,karma
Samsung Frontier S3 Smartwatch,,1,apple,iphone 8 plus,64gb,karma
NEW UNLOCKED SAMSUNG GALAXY NOTE 8,,1,samsung,galaxy s7,32gb,karma
2 CONSUMER CELLULAR PHONES,,1,apple,iphone 7,256gb,karma
Note 9 512 GB NEW IN BOX,,1,apple,iphone 6s,32gb,karma
B*u*ying iphones,,1,apple,iphone 8 plus,,karma
Sport Armband [With Full Touch Screen Functionality],,0,,,,karma
GALAXY S8+ TITANIUM CASE,,1,samsung,galaxy s9 plus,64gb,karma
Rugged Galaxy S8+ case,,1,samsung,galaxy note 8,,karma
Galaxy S6 Edge Plus | T Mobile | Like New!,,1,apple,iphone 6 plus,128gb,karma
Samsung Galaxy Note 2,,1,samsung,galaxy j7,32gb,karma
Apple iPhone 6 Space Gray - Sprint,,1,samsung,galaxy note 8,,karma
Galaxy S8 Case Clear Slim Hybrid Armor Perfect Fit Hard Back Soft Sili,,1,samsung,galaxy note 9,128gb,karma
Dual SIM Card Adapter 2 SIM Holder Converter Micro for iPhone Galaxy,,1,samsung,galaxy note 8,64gb,karma
iPhone 7 - 128 GB - UNLOCKED - Like New!,,1,apple,iphone 7,32gb,karma
iPhone 7 | UNLOCKED | 32 GB | Mint!,,1,lg,g4,32gb,karma
IPhone 5,,1,samsung,galaxy s5,16gb,karma
Unlocked - Iphone 7 plus - 128 GB - Black - Mint Condition,,1,apple,iphone 8 plus,64gb,karma
Google Pixel 2 64GB In Box,,1,apple,iphone 8 plus,256gb,karma
iPhone X's Max,,1,samsung,galaxy s9 plus,64gb,karma
Apple ?¸Ï±iPhone 8 64gb for Sprint Network,,1,apple,iphone 7 plus,256gb,karma
I B*U*Y PHONES 4 CASH Ç˘Û‘?Ë iPhone xs and iPhone xs max Ç˙÷,,1,samsung,galaxy s9,64gb,karma
iPhone 7 / 32GB / Matte Black (like new!),,1,apple,iphone 7,32gb,karma
Apple Watch 42mm Gold,,0,,,,karma
iPhone 6S For Sale - Brand New Battery & Glass Screen Protecter,,1,apple,iphone 7,128gb,karma
iPhone X 256gb Space Gray,,1,samsung,galaxy s9,64gb,karma
4 iPhones: 6+,,1,lg,g4,32gb,karma
Iphone 5s,,1,samsung,galaxy note 5,64gb,karma
Verizon iPhone 4S 64GB (Factory Unlocked),,0,,,,karma
Sprint iPhone 5s,,1,apple,iphone 7,32gb,karma
iPhone 7 black 128 GB UNLOCKED looks like new,,1,samsung,galaxy s5,,karma
Apple IPhone 8 Plus 64GB Gold,,1,apple,iphone 6,,karma
Tracphone cell phone,,1,apple,iphone 4,,karma
New Android phone T-Mobile & AT&T,,1,samsung,galaxy s5,,karma
Apple Iphone 6Plus Unlocked ATT,,0,,,,karma
iPhone 5 or 5s case,,1,lg,slider gu295,,karma
iPhone 7 256gb Black ATT Apple,,0,,,,karma
iPhone 5s Gold 16gb ATT Apple,,1,apple,iphone 5s,,karma
iPhone 5 6 7 8 X XS instant unlock,,1,samsung,galaxy s9,64gb,karma
Lg Stylo 2 Boost Mobile - Good Condition,,1,samsung,galaxy s6,,karma
Samsung GALAXY S7 UNLOCK 32GB BLACK AND GOLD,,1,apple,iphone 6,,karma
IPhone 6 128 GB Mint,,1,apple,iphone 7,32gb,karma
PNY 64GB micro SD card (new),,1,apple,iphone 6s,,karma
iOttie Easy One Touch Mini Car Mount,,0,,,,karma
Two Bumper Cases for iPhone 6/6s,,1,apple,iphone 6,64gb,karma
Pink/Purple Note 9 512GB,,1,apple,iphone 6s,,karma
Money for your iPhones,,1,samsung,galaxy prevail,8gb,karma
iPhone 6S 64GB Rose Gold,,1,apple,iphone 7 plus,32gb,karma
iPhone 7 256GB - Unlocked - Like New,,1,apple,iphone 7,128gb,karma
"Samsung galaxy note 9 128GB, 256 MicroSD, wireless charger",,1,apple,iphone 6s,64gb,karma
I-phone 8 And I-phone 8 plus,,1,apple,iphone 5s,16gb,karma
Samsung Galaxy Note 4 Factory Unlocked,,1,apple,iphone 5,,karma
IPhone 6 128 GB Mint,,0,,,,karma
iPhone 6 Plus 64GB AT&T,,0,,,,karma
GET YOUR CRACKED SCREEN REPAIRED !! Cheapest/ Quickest,,0,,,,karma
BRAND NEW RoadKing¨∆ RKHD4 - Heavy Duty Dual 4.8A USB Car Charger,,0,,,,karma
Audiology Connect Adjustable Universal Cell phone Holder Gooseneck Han,,1,google,pixel 2 xl,128gb,karma
SALE! LAPTOPS phones TABLETS $100 OFF DISCOUNT :),,0,,,,karma
iPhone 7+ Plus 32GB MATTE BLACK Factory UNLOCKED NEW Cond. W/ Sealed Accessories,,0,,,,karma
iPhone 8 / 7 leather case,,0,,,,karma
LG PHONE METRO PCS,,1,lg,,,karma
IMEI CLEANING& FACTORY UNLOCK@airtec,,1,google,pixel 3,64gb,karma
For Sale IPhone6s ?¸Ï± Parts Only,,1,apple,iphone 5s,16gb,karma
For Sale IPhone 4s GB16,,1,apple,iphone x,,karma
SAMSUNG NOTE 8 NOTE 9 S8&S9 ON SALE @AIRTEC WIRELESS 410 S CLARK...,,1,apple,iphone 6,64gb,karma
Instant unlock any iphone for any carrier 5MINS@AIRTEC 410S CLARK,,1,apple,iphone 8,64gb,karma
PHONES FOR Cheap Price @ AIR TEC 410 S CLARK (WE HAVE THE GALAXY S9,,1,apple,iphone 7,,karma
Buy used or new phone from a CERTIFIED dealer,,0,,,,karma
IPHONE 7 UNLOCK 128GB @AIRTEC 410 S CLARK,,0,,,,karma
Ipads and tablets,,0,,,,karma
iPhone X 256GB,,0,,,,karma
Unlock UR IPHONE NOW~any iphone in 5 mins yes any iphone@410 S CLARK,,1,apple,iphone se,32gb,karma
Best iPhone repair in town! Cheapest/ Quickest,,0,,,,karma
PHONES LIKE GALAXY S8S9 HTC M10 LG V20 V30 V35 AND MORE @AIRTEC *,,1,essential,,,karma
"BLACKBERRY ""7"" 16GB PLAYBOOK",,1,apple,iphone 5,16gb,karma
"BLACKBERRY ""7"" 16GB PLAYBOOK",,0,,,,karma
Moto Z2 Force 64GB - Unlocked (AT&T / T-mobile),,1,samsung,galaxy note 9,128gb,karma
Brand New Factory Unlocked iPhone XS MAX 64GB Black,,1,apple,iphone 8,256gb,karma
FREE phone,,0,,,,karma
T-Mobile HTC W/ Sense,,1,sony,xperia xz2,,karma
Like New Nokia E5,,1,oppo,find x,,karma
NEW Otter box for Samsung S6 EDGE+,,1,google,pixel xl,32gb,karma
CLEAN UNLOCKED IPHONE 7 PLUS 32GB,,1,apple,iphone 6s,64gb,karma
CLEAN IPHONE 6 PLUS UNLOCKED,,1,apple,iphone 6 plus,256gb,karma
Samsung Galaxy J2 core J260M Factory Unlocked,,0,,,,karma
T-Mobile - iPhone 8 Plus - RED - 256GB,,0,,,,karma
Samsung Galaxy S5 Verizon 16GB,,0,,,,karma
Samsung Galaxy S5 Verizon 16GB,,1,dell,axim x5 hc01u,,karma
Samsung Galaxy S5 Verizon 16GB,,1,apple,iphone 7,,karma
Iphone 7-Plus 32GB (T-mobile),,1,apple,iphone 7,,karma
LG G5 TMobile 32GB,,1,apple,iphone 7,,karma
iPhone iPad Samsung Screen LCD Battery Repair 8/8+ 7/7+ /6S/6+ /5S,,1,apple,iphone 7,,karma
Galaxy s9 plus new UNLOCKED,,1,apple,iphone 6s,16gb,karma
Selling Pink/Purple Note 9 New in Box T-Mobile 512GB,,0,,,,karma
iPhone X 256 gb,,1,apple,iphone 7,32gb,karma
Money for your iphone,,1,apple,iphone 8,64gb,karma
Samsung Galaxy S9,,1,apple,iphone xs max,,karma
T-Mobile - iPhone 8 Plus - 256GB - RED,,0,,,,karma
UNLOCK UR PHONE ANY IPHONE IN 5 MINS @Airtec 410 S CLARK,,0,,,,karma
Apple iPhone 7 128GB RED & White Factory UNLOCKED Brand NEW IN BOX Accessories,,0,,,,karma
iPhone 7 128GB JET BLACK Factory UNLOCKED NEW IN BOX Sealed Accessories,,1,samsung,galaxy express 3,,karma
Apple iPhone 7 32GB MATTE BLACK Factory UNLOCKED NEW IN BOX Sealed Accessories,,1,motorola,moto x,,karma
Apple iPhone 8 64GB BLACK Factory UNLOCKED *NEW IN BOX* Sealed Accessories,,1,samsung,galaxy s6,,karma
iPhone 7+ Plus 128GB JET BLACK NEW IN BOX Factory UNLOCKED w/ Sealed Accessories,,0,,,,karma
Apple iPhone 7+ 128GB Matte BLACK Factory UNLOCKED Like NEW W/ BOX Accessories,,1,apple,iphone 6s,32gb,karma
Samsung Galaxy J3 pro J330F Factory Unlocked GSM cell phone,,0,,,,karma
Apple iPhone 7+ Plus 128GB JET BLACK Factory UNLOCKED Like NEW BOX Accessories,,0,,,,karma
Ipads and tablets,,0,,,,karma
OtterBox Phone Case For Samsung Galaxy S6 Edge color Aqua Sky,,1,lg,k7 k330,8gb,karma
Samsung Galaxy Tab 2 (7-Inch),,1,samsung,galaxy note 8,,karma
iphone XS 256Gb Brand new,,1,google,nexus 6,32gb,karma
Samsung Galaxy S7,,0,,,,karma
IPHONE XS MAX SAMSUNG NOTE9 NEW PHONES HERE@AIRTEC 410 S CLARK...,,1,apple,iphone xs,,karma
IPHONES GSM PHONES LIKE GALAXY S8 HTC M10 LG V20 AND MORE @AIRTEC,,0,,,,karma
IMEI CLEANING&UNLOCK UR PHONE @airtec 410 S CLARK,,1,apple,iphone 7,,karma
"A wide variety of Android phones for sale Lg,Huawei,ZTE,Samsung+Apple",,1,apple,iphone 5c,,karma
PHONE @airtec 410 S CLARK,,0,,,,karma
UNLOCK BUY SELL AND TRADE IN UR PHONELaptop @AIR TEC WIRELESS,,0,,,,karma
"A wide variety of Android phones for sale Lg,Huawei,ZTE,Samsung+Apple",,1,apple,iphone 6s,32gb,karma
Unlocked Google Pixel XL 128GB android phone,,1,lg,stylo 2,,karma
"BLACKBERRY ""7"" 16GB PLAYBOOK",,1,apple,iphone 4,,karma
IHIP App2 Wireless Bluetooth Earbuds,,0,,,,karma
WE ARE TAKING BOOST MOBILE PAYMENTS PAYMENTS,,0,,,,karma
Apple iPhone 6 Plus - 16GB UNLOCKED,,1,samsung,galaxy note 8,64gb,karma
Verizon iPhone 8 Plus - Space Gray - 256GB,,0,,,,karma
Verizon iPhone 8 Plus - Space Gray - 256GB,,1,samsung,galaxy s7,32gb,karma
Boost samsung j7 perx,,0,,,,karma
2 galaxy phones for sale,,1,apple,iphone 6,16gb,karma
Alcatel fierce 4 for Metro Pcs,,1,apple,iphone xs max,256gb,karma
Unlocked Google Pixel 2 XL 128GB - Black,,1,apple,iphone x,256gb,karma
WE ARE TAKING BOOST MOBILE PAYMENTS PAYMENTS,,1,apple,iphone 8 plus,64gb,karma
Unlocked Google Pixel 2 XL 128GB - Black,,1,lg,d850,32gb,karma
Samsung Galaxy s8,,1,samsung,galaxy s6,32gb,karma
IPHONE 7 256GB,,1,lg,lucid,,karma
One plus 6T,,0,,,,karma
"Computer, Laptops, Cell Phone SELL&Repair@AIRTEC 410 S CLARK!",,1,nokia,3200b,,karma
Ipads and tablets on sale @AIRTEC WIRELESS 410S CLARK,,1,apple,iphone 7,128gb,karma
iPhone 7 rose gold 128gb,,1,apple,iphone 7,128gb,nitin
NEXUS 5X 32gb Unlocked,,1,google,nexus 5x,32gb,nitin
New Verizon Samsung Galaxy Note 8 (factory unlocked),,1,samsung,galaxy note 8,,nitin
Apple iPhone 6s Plus,,1,apple,iphone 6s plus,,nitin
Galaxy s6 edge Plus - AT&T,,1,samsung,galaxy s6,,nitin
Blackberry TOUR 9630 Verizon Phone,,1,blackberry,tour 9630,,nitin
Blackberry PEARL Verizon Phone with accessories,,1,blackberry,pearl,,nitin
iPhones 6 Plus,,1,apple,iphone 6 plus,,nitin
For Motorola Moto Z3 Hard Protective Case Cover+Tempered Glass Screen,,0,,,,nitin
Mophie wireless charging base,,0,,,,nitin
tech21 Evo Tactical LG G4 Phone Case Black,,0,,,,nitin
buying,,0,,,,nitin
buying,,0,,,,nitin
OnePlus 2 64GB Sandstone Black (Excellent Shape),,1,oneplus,2,64gb,nitin
iPhone 8 Plus Unlocked,,1,apple,iphone 8 plus,,nitin
Google Pixel 2 XL64GB Unlocked,,1,google,pixel,64gb,nitin
iPhone iPad Samsung Screen LCD Battery Repair 8/8+ 7/7+ /6S/6+ /5S,,0,,,,nitin
iPhone 6 Plus iOS 8.4 (Rare),,1,apple,iphone 6 plus,,nitin
iPhone 6S Plus,,1,apple,iphone 6s plus,,nitin
iPhone 6 Verizon AT&T T-Mobile,,1,apple,iphone 6,,nitin
Iphone 6 plus,,1,apple,iphone 6 plus,,nitin
Apple earphones,,0,,,,nitin
OnePlus 3 or 3T Snap-on cases & Tempered Glass Screen Protector,,0,,,,nitin
Scosche Cell & Tablet Magic Mount BRAND NEW - Unopened Package,,0,,,,nitin
Att IPhone XS Max 256gb Brand New,,1,apple,iphone xs,256gb,nitin
Not Unlocked ready to be activated Iphone XS Max 256 gb silver,,1,apple,iphone xs,256gb,nitin
Iphone 7 128GB GSM/CDMA Unlocked Tmobile AT&T Verizon,,1,apple,iphone 7,128gb,nitin
2017 MacBook Pro 13,,0,,,,nitin
New Galaxy S8 Plus Verizon Unlocked,,1,samsung,galaxy s8 plus,,nitin
iPhone XS Max 256GB Space Gray,,1,apple,iphone xs max,256gb,nitin
New Apple iPhone Xs Max 256GB NOT Unloked,,1,apple,iphone xs max,256gb,nitin
Rocketfish 7 Plug Power Surge Protector,,0,,,,nitin
Apple iPhone 7 - 32GB - Rose Gold (Unlocked),,1,apple,iphone 7,32gb,nitin
iPhone 6s Silver 64gb New Battery,,1,apple,iphone 6s,64gb,nitin
Like New Iphone 6s Plus Att 128g,,1,apple,iphone 6s,128gb,nitin
"Galaxy J3 Prime, like new with original box. newest (SM-J327T)",,1,samsung,galaxy j3 prime,,nitin
Metropcs iPhone 6s 32gig,,1,apple,iphone 6s,32gb,nitin
Boost Hydro Cell Phone Brand New in Box,,0,,,,nitin
iPhone X unlocked 256gb,,1,apple,iphone x,256gb,nitin
CELL SMARTPHONE/NEW,,0,,,,nitin
CELL SMARTPHONE/NEW,,0,,,,nitin
"**LG X-CHARGE W/CASE, LIGHTNING CABLE & CHARGER IN PERFECT CONDITION**",,0,,,,nitin
SAMSUNG GALAXY NOTE 8 CASES (BRAND NEW),,0,,,,nitin
Samsung Galaxy Avant G386T (T-Mobile),,1,samsung,galaxy avant g386T,,nitin
"Brand New LG Optimus L9 Cell Phone Protection Case , L9.",,0,,,,nitin
Samsung Galaxy Note8 OTTER BOX Protective case (NEW),,0,,,,nitin
!7 8+ X XS Xmax and S8 S9 note9 (WANTED),,0,,,,nitin
X-Doria Defense Lux Cell Phone Case,,0,,,,nitin
"Mophie Battery Case For iPhone 7,8 Plus",,0,,,,nitin
Duracell 852-0257 USB Lithium Ion PowerSource Mini For Cell Phones,,0,,,,nitin
Samsung Galaxy S6 32GB (MetroPCS) G920T,,1,samsung,galaxy s6,32gb,nitin
iPhone 6 Factory Unlocked 16gb,,1,apple,iphone 6,16gb,nitin
IPhone 5s,,1,apple,iphone 5s,,nitin
Sprint/ Virgin Mobile Phone w/$403 Fully Transferable,,0,,,,nitin
Verizon IPhone 7 Plus 128G,,1,apple,iphone 7 plus,128gb,nitin
iPhone 6 16gb Gold Factory Unlocked,,1,apple,iphone 6,16gb,nitin
Red iPhone 8 64gb Verizon like new,,1,apple,iphone 8,64gb,nitin
"**NOKIA NOTE 6.1 - TA1045 - CASE, LIGHTING CABLE, CHARGER - UNLOCKED**",,1,nokia,note 6.1,,nitin
New Staples 22213 Dual device rapid vehicle charger,,0,,,,nitin
Unlocked iPhone 7 128g Rose Gold Mint Condition,,1,apple,iphone 7,128gb,nitin
IPHONE 7 128GB ROSE GOLD UNLOCKED - LIKE NEW CONDITION,,1,apple,iphone 7,128gb,nitin
HTC u11 Unlocked Mint condition,,1,htc,u11,,nitin
IPHONE 7 128GB ROSE GOLD UNLOCKED - LIKE NEW CONDITION,,1,apple,iphone 7,128gb,nitin
IPHONE 7 128GB ROSE GOLD UNLOCKED - LIKE NEW CONDITION,,1,apple,iphone 7,128gb,nitin
iPhone 7 plus,,1,apple,iphone 7 plus,,nitin
"Galaxy S6 , Verizon , Mint",,1,samsung,galaxy s6,,nitin
I phone 6,,1,apple,iphone 6,,nitin
iPhone 6 Broken Screen Replacement cheap,,0,,,,nitin
i-Pad & i-Phone Glass Change for Cheap,,0,,,,nitin
iPhone iPad Samsung Screen LCD Battery Repair 8/8+ 7/7+ /6S/6+ /5S,,0,,,,nitin
IPHONE XS MAX SAMSUNG NOTE9 NEW PHONES HERE@AIRTEC 410 S CLARK...,,0,,,,nitin
iPhone 6s,,1,apple,iphone 6s,,nitin
iPhone 7,,1,apple,iphone 7,,nitin
5 iPhone charger,,0,,,,nitin
iPhone 6s Plus 128 GB ATT,,1,apple,iphone 6s,128gb,nitin
BRAND NEW SAMSUNG S9,,1,samsung,galaxy s9,,nitin
iPhone 8 LCD Re-pair Best Price,,0,,,,nitin
Sandisk 64gb micro sd,,0,,,,nitin
iPhone 8 Plus 256GB Unlocked,,1,apple,iphone 8 plus,256gb,nitin
Apple Watch Series 3 GPS+LTE 42MM,,0,,,,nitin
Simple mobile by t mobile lg x phone 4g LTE New Retails 70.00 Our pric,,1,lg,x,,nitin
At&t prepaid unlimited talk &text lg b470 Retails 20.00 Our price 10.0,,0,,,,nitin
Verizon mobile hotspot ellipsis jetpack Retails 40 Our price 20,,0,,,,nitin
Jambra WAVE Bluetooth headset,,0,,,,nitin
Huawei watch 2 classic like new,,0,,,,nitin
"NEW SAMSUNG GALAXY A8, BLACK, 64GB, (UNLOCKED)",,1,samsung,galaxy a8,64gb,nitin
"NEW SAMSUNG GALAXY A6, 32GB, DUAL SIM, (UNLOCKED)",,1,samsung,galaxy a6,32gb,nitin
"NEW LG K8, (UNLOCKED)",,1,lg,k8,,nitin
"iPhone 6 Plus Case,iPhone 6S Plus Case Hundromi Iphone 6 6S Plus Plast",,0,,,,nitin
Slide Case For iPhone XR/XS Max Shockproof Cardholder Wallet Designed,,0,,,,nitin
"NEW SAMSUNG GALAXY A6+, 32GB, GOLD, (UNLOCKED)",,1,samsung,galaxy a6 plus,32gb,nitin
iPhone X 64gb Unlocked Model Space Grey Mint Condition,,1,apple,iphone x,64gb,nitin
seven 8 8plus X XR Xmax S8 S9((Top buyer),,0,,,,nitin
Samsung Galaxy Note 9,,1,samsung,galaxy note 9,,nitin
Samsung Galaxy Note 9,,1,samsung,galaxy note 9,,nitin
Samsung Galaxy Note 9,,1,samsung,galaxy note 9,,nitin
*^* Brand New SEALED LG V40 ThinQ w/B&O Play Headset - Unlocked! *^*,,1,lg,v40,,nitin
I-Phone 6-7-8 Screen fix 4 Cheap,,0,,,,nitin
iPhone & iPad Cracked Screen Change Fast,,0,,,,nitin
iPhone Broken Screen Replacement reasonable,,0,,,,nitin
Galaxy & iPhone Screen Re-pair in Best Rate,,0,,,,nitin
////lg v10\\\\,,1,lg,v10,,nitin
*^* Brand New Unlocked Google Pixel 2; Including Accessories! *^*,,0,,,,nitin
*^* Brand New Unlocked Google Pixel 2; includes Accessories! *^*,,0,,,,nitin
Apple IPhones + Samsung's lcd replacent while u wait,,0,,,,nitin
iphone 6 uNlocked (Verizon) + ATT Tmobile Cricket MetroPCS + Worldwide,,0,,,,nitin
Custom Cell Phone Stands,,0,,,,nitin
Samsung Galaxy S7 Edge Gold 32GB - SM-G935V Verizon 4G LTE Smartphone,,1,samsung,galaxy s7,32gb,nitin
*^*Brand New SEALED LG V40 ThinQ w/B&O Play Headset - UNLOCKED!*^*,,1,lg,v40,,nitin
Unlocked Samsung Galaxy Note 5,,1,samsung,galaxy note 5,,nitin
Unlocked Samsung Galaxy S7,,1,samsung,galaxy s7,,nitin
Unlocked Samsung Galaxy S6 Edge,,1,samsung,galaxy s6,,nitin
Unlocked Samsung Galaxy S6,,1,samsung,galaxy s6,,nitin
Unlocked Samsung Galaxy S5,,1,samsung,galaxy s5,,nitin
Verizon Wireless Universal Vehicle Charger,,0,,,,nitin
Blackberry chargers/batteries/USB Cable,,0,,,,nitin
Unlocked iPhone 7,,1,apple,iphone 7,,nitin
Unlocked iPhone 6s,,1,apple,iphone 6s,,nitin
Unlocked iPhone 6 128GB,,1,apple,iphone 6,128gb,nitin
Unlocked iPhone 6,,1,apple,iphone 6,,nitin
Unlocked iPhone 5s 32GB,,1,apple,iphone 5s,32gb,nitin
Unlocked iPhone 5c,,1,apple,iphone 5c,,nitin
Unlocked iPhone 5C 5 5S 6 6+ 6S 6S+ 7,,0,,,,nitin
Unlocked Samsung Galaxy S4 S5 S6 S6 Edge S7 Note 5,,0,,,,nitin
FENDER SQUIER STRATOCASTER MILLER GENUINE DRAFT BEER GUITAR,,0,,,,nitin
Apple Watch Series 3(GPS+Cellular) - with care Till February 2020,,0,,,,nitin
COOL SMALL PHONE,,0,,,,nitin
Blackberry cell phones and accessories,,0,,,,nitin
Lifeproof FRƒí Waterproof Case for iPhone 6/6S,,0,,,,nitin
Samsung Galaxy S7 Edge Blue 32GB + 128GB Flash AT&T,,1,samsung,galaxy s7,32gb,nitin
Samsung Galaxy Note 5,,1,samsung,galaxy note 5,,nitin
iPHONE 7 PLUS for sale!!! Nearly PERFECT condition,,1,apple,iphone 7 plus,,nitin
IPHONE 7 PLUS for sale!!! Nearly PERFECT condition,,1,apple,iphone 7 plus,,nitin
Selling Silver iPHONE 6S Plus UNLOCKED Any Carrier 32GB Good Condition,,1,apple,iphone 6s,32gb,nitin
Tracfones Prepaid Cellular Phones,,0,,,,nitin
Samsung S7,,1,samsung,galaxy s7,,nitin
Wanted iPhones,,0,,,,nitin
***Iphone 7 plus 32GB - Matte Black***,,1,apple,iphone 7 plus,32gb,nitin
SAMSUNG Galaxy S6 Edge Cell Phone Unlocked. Cracked Screen. $135 OBO,,1,samsung,galaxy s6,,nitin
IPHONE SE 16GB,,1,apple,iphone se,16gb,nitin
iPhone 6s 16GB Rose Gold. Unlocked. Like New. Everything In Box. $250,,1,apple,iphone 6s,16gb,nitin
Motorola Droid RAZR XT912 | Verizon Service,,1,motorola,droid razr xt912,,nitin
New iPhone 7+ car bounding kit,,0,,,,nitin
Samsung Galaxy Note SH-VE160S,,1,samsung,galaxy note,,nitin
iPhone 7 UNLOCKED 32GB with box and case,,1,apple,iphone 7,32gb,nitin
iPhone 7 UNLOCKED 32GB with box and case,,1,apple,iphone 7,32gb,nitin
T-Mobile and AT&T Cell Phone Plan /SIM Card for iPhone & Android Phone,,0,,,,nitin
T-Mobile and AT&T Cell Phone Plan /SIM Card for iPhone & Android Phone,,0,,,,nitin
Lifeproof FRE SERIES iPhone 6 Plus Plus Waterproof Case,,0,,,,nitin
"Cases Otter Box to IPhone 7 Plus , 8 pls",,0,,,,nitin
Samsung Gear VR Oculus - Black **UNOPENED**,,0,,,,nitin
Vtech New DS6722-3 Handset Connects to Cell Answering System,,0,,,,nitin
2 unlocked mint iPhone 4S and 1 new motorola moto e4,,0,,,,nitin
samsung galaxy s 9 plus like new,,1,samsung,galaxy s9 plus,,nitin
Google Pixel 2 XL w/Apple Airpods & 4 Cases,,1,google,pixel 2 xl,,nitin
Samsung S3 Frontier LTE (unlocked),,1,samsung,galaxy s3,,nitin
Apple Watch series 1,,0,,,,nitin
iPhone X 256gb unlocked,,1,apple,iphone x,256gb,nitin
Kyocera Hydro Shore AT&T cellphone,,0,,,,nitin
Apple iPhone X Grey 256GB Tmobile Great Condition,,1,apple,iphone x,256gb,nitin
iPhone XR 64 GB,,1,apple,iphone xr,64gb,nitin
LG G5 smart phone,,1,lg,g5,,nitin
Samsung Note 8 Tmobile,,1,samsung,galaxy note 8,,nitin
iPhone XR 64GB,,1,apple,iphone xr,64gb,nitin
Cell & iPad holder,,0,,,,nitin
Bluetooth,,0,,,,nitin
Plantronics Voyager Pro 5200 Bluetooth,,0,,,,nitin
Apple iPhone 7 32GB ROSE GOLD Brand NEW IN BOX Factory UNLOCKED w Accessories,,1,apple,iphone 7,32gb,nitin
Apple iPhone 7 128GB JET BLACK Factory UNLOCKED Brand NEW in BOX w/ Accessories,,1,apple,iphone 7,128gb,nitin
iPhone 6s 64GB Unlocked Like New Space Gray,,1,apple,iphone 6s,64gb,nitin
Samsung Galaxy S7,,1,samsung,galaxy s7,,nitin
LG G6 4G LTE 32GB Factory Unlocked,,1,lg,galaxy g6,32gb,nitin
Brand New Sealed Iphone XR - 64gb - White gsm unlocked,,1,apple,iphone xr,64gb,nitin
HTC ONE - 4G LTE - Smartphone üì± (Verizon Wireless) Obo!,,1,htc,one,,nitin
OtterBox Commuter Case for Samsung Galaxy Note 5 - Purple *Cover OEM,,0,,,,nitin
Brand New Sealed Iphone XR - 64gb - White,,1,apple,iphone xr,64gb,nitin
T-Mobile IPhone X 256gb,,1,apple,iphone x,256gb,nitin
Alcatel Pixi 4 (6),,0,,,,nitin
New cell phone cases,,0,,,,nitin
Pixel 3 XL Google Fiber Case,,0,,,,nitin
NEW ORIGINAL Samsung GALAXY S7 S VIEW COVER case,,0,,,,nitin
"Samsung Galaxy Note 4 White- Otterbox Case Included, And More",,1,samsung,galaxy note 4,,nitin
Smallest phone in the world,,0,,,,nitin
Verizon LG Lucid,,1,lg,lucid,,nitin
iPod Touch 128 gb 6 gen (like New) White,,0,,,,nitin
Apple iPhone 8 Plus - 256GB - Silver (Verizon) A1864 (CDMA + GSM),,1,apple,iphone 8 plus,256gb,nitin
"‚Ä¢*‚Ä¢*""*‚Ä¢‚ñ∫Cell phone issues? WeFixPhones has ur SOLUTIONS",,0,,,,nitin
Apple iPhone X - 256Gb- Space Gray (Verizon) a1865 (CDMA + GSM),,1,apple,iphone x,256gb,nitin
Samsung Galaxy S9 64GB Factory Unlocked,,1,samsung,galaxy s9,64gb,nitin
Samsung Galaxy S9+ Factory Unlocked,,1,samsung,galaxy s9 plus,,nitin
Samsung Galaxy S9 64 GB Unlocked,,1,samsung,galaxy s9,64gb,nitin
Iphone 5 32 GB,,1,apple,iphone 5,32gb,nitin
"NEW SAMSUNG GALAXY S7, BLACK, SPRINT & BOOST MOBILE",,1,samsung,galaxy s7,,nitin
Samsung galaxy S9 unlocked Mint,,1,samsung,galaxy s9,,nitin
Samsung Galaxy s9,,1,samsung,galaxy s9,,nitin
Samsung Galaxy s9,,1,samsung,galaxy s9,,nitin
I phone7 plus 128gb unlucked,,1,apple,iphone 7 plus,128gb,nitin
Brand New iPhone X unlocked Verizon,,1,apple,iphone x,,nitin
Switch to Cricket!Cambiese a cricket!,,0,,,,nitin
iPhone 6s 64GB Gold AT&T Unlocked,,1,apple,iphone 6s,64gb,nitin
Samsung S8 Active (T Mobile),,1,samsung,galaxy s8,,nitin
